version,system,n,distinct_1,distinct_2,bleu_2,f1,rouge_l,chrf,bertscore_f1,cmi_gap
EN,Zero-shot (all turns),100,22.530756,60.364299,5.30761,15.236616,11.824971,19.502238,66.678656,0.021584
EN,Zero-shot (subset),50,28.780488,68.375451,3.827761,13.036207,10.221136,18.989596,65.93854,0.025281
EN,Few-shot CoT (all turns),100,23.214286,60.864297,5.291963,15.201708,12.397303,18.74134,66.780234,0.022667
EN,Few-shot CoT (subset),50,30.355791,68.922109,3.864912,13.40984,10.89614,19.015945,66.146391,0.024091
Light,Zero-shot (all turns),50,26.084056,61.214631,7.697581,14.284904,11.575253,19.856056,66.407622,0.118115
Light,Zero-shot (subset),50,26.084056,61.214631,7.697581,14.284904,11.575253,19.856056,66.407622,0.118115
Light,Few-shot CoT (all turns),50,27.225519,66.409861,6.81317,14.608739,11.97823,19.283435,65.735816,0.158222
Light,Few-shot CoT (subset),50,27.225519,66.409861,6.81317,14.608739,11.97823,19.283435,65.735816,0.158222
Heavy,Zero-shot (all turns),50,34.14966,71.478873,4.521779,8.932728,7.502869,18.06048,63.229682,0.313893
Heavy,Zero-shot (subset),50,34.14966,71.478873,4.521779,8.932728,7.502869,18.06048,63.229682,0.313893
Heavy,Few-shot CoT (all turns),50,30.563798,69.491525,2.625375,6.051638,5.503212,16.341586,59.529469,0.402308
Heavy,Few-shot CoT (subset),50,30.563798,69.491525,2.625375,6.051638,5.503212,16.341586,59.529469,0.402308
