version,system,n_calls,extra_calls_vs_maesc,latency,multi_path,words,over_30_words
EN,Zero-shot,1.0,-8.8,2.06476,0.0,23.78,0.0
EN,Few-shot CoT,1.0,-8.8,3.06568,0.0,22.2,0.0
EN,MultiAgentESC,9.8,0.0,49.55992,62.0,22.3,0.0
EN,CodeMixESC,9.74,-0.06,49.5124,62.0,23.12,4.0
Light,Zero-shot,1.0,-8.66,2.04326,0.0,23.08,0.0
Light,Few-shot CoT,1.0,-8.66,3.00622,0.0,22.3,0.0
Light,MultiAgentESC,9.66,0.0,60.27054,62.0,22.54,0.0
Light,Translate-Pivot,11.72,2.06,67.0749,62.0,24.4,0.0
Light,CodeMixESC,10.2,0.54,71.91684,62.0,22.2,0.0
Light,w/o Register Gate,9.72,0.06,70.932729,62.0,22.34,0.0
Heavy,Zero-shot,1.0,-9.22,2.06122,0.0,23.74,0.0
Heavy,Few-shot CoT,1.0,-9.22,2.93364,0.0,22.68,0.0
Heavy,MultiAgentESC,10.22,0.0,68.00406,66.0,23.18,0.0
Heavy,Translate-Pivot,11.22,1.0,62.20448,58.0,24.34,0.0
Heavy,CodeMixESC,10.7,0.48,61.03322,66.0,23.82,0.0
Heavy,w/o Register Gate,10.14,-0.08,59.829268,66.0,23.84,0.0
Heavy,w/o retriever fine-tuning,10.38,0.16,56.40288,64.0,23.92,2.0
Heavy,w/o cross-lingual retriever,10.6,0.38,58.30528,66.0,23.06,0.0
