system,version,records,coverage,missing,failed,none,failed_calls,truncated_calls,duplicates,unreadable,stale,in_tables,model,delta
zero_shot,EN,100,100.0,1110,0,0,0,0,0,0,0,yes,gemma-4-26b-a4b-it,
zero_shot,Light,50,100.0,1160,0,0,0,0,0,0,0,yes,gemma-4-26b-a4b-it,
zero_shot,Heavy,50,100.0,1160,0,0,0,0,0,0,0,yes,gemma-4-26b-a4b-it,
fewshot_cot,EN,100,100.0,1110,0,0,0,0,0,0,0,yes,gemma-4-26b-a4b-it,
fewshot_cot,Light,50,100.0,1160,0,0,0,0,0,0,0,yes,gemma-4-26b-a4b-it,
fewshot_cot,Heavy,50,100.0,1160,0,0,0,0,0,0,0,yes,gemma-4-26b-a4b-it,
maesc,EN,50,100.0,0,0,0,0,83,0,0,0,yes,gemma-4-26b-a4b-it,
maesc,Light,50,100.0,0,0,0,0,76,0,0,0,yes,gemma-4-26b-a4b-it,
maesc,Heavy,56,100.0,0,0,0,0,93,0,0,0,yes,gemma-4-26b-a4b-it,
pivot,Light,50,100.0,0,0,0,0,77,0,0,0,yes,gemma-4-26b-a4b-it,
pivot,Heavy,50,100.0,0,0,0,0,69,0,0,0,yes,gemma-4-26b-a4b-it,
codemixesc,EN,50,100.0,0,0,0,0,82,0,0,0,yes,gemma-4-26b-a4b-it,0.15
codemixesc,Light,50,100.0,0,0,0,0,95,0,0,0,yes,gemma-4-26b-a4b-it,0.15
codemixesc,Heavy,50,100.0,0,0,0,0,110,0,0,0,yes,gemma-4-26b-a4b-it,0.15
cmx_noft,Heavy,50,100.0,0,0,0,0,102,0,0,0,yes,gemma-4-26b-a4b-it,0.15
cmx_noxl,Heavy,50,100.0,0,0,0,0,105,0,0,0,yes,gemma-4-26b-a4b-it,0.15
cmx_nogate,Light,50,100.0,0,0,0,0,95,0,0,0,yes,gemma-4-26b-a4b-it,0.15
cmx_nogate,Heavy,50,100.0,0,0,0,0,110,0,0,0,yes,gemma-4-26b-a4b-it,0.15
