version,comparison,n,f1_diff,f1_ci_low,f1_ci_high,f1_p,rouge_l_diff,rouge_l_ci_low,rouge_l_ci_high,rouge_l_p,chrf_diff,chrf_ci_low,chrf_ci_high,chrf_p,bertscore_diff,bertscore_ci_low,bertscore_ci_high,bertscore_p,cmi_gap_diff,cmi_gap_ci_low,cmi_gap_ci_high,cmi_gap_p
EN,vs Zero-shot,50,0.439526,-0.95985,1.781745,0.543728,0.815426,-0.336586,1.951261,0.166917,0.273634,-0.736344,1.221623,0.58071,0.055104,-0.498082,0.535268,0.767616,-0.000547,-0.005761,0.004182,0.786607
EN,vs Few-shot CoT,50,0.065892,-2.094739,2.114905,0.946527,0.140423,-1.542033,1.957284,0.906547,0.322936,-0.914764,1.568363,0.605697,-0.152744,-0.849182,0.586787,0.702649,0.000643,-0.006068,0.006748,0.838581
EN,vs MultiAgentESC,50,0.62751,-1.418722,2.797273,0.558721,0.591821,-1.149455,2.482575,0.517741,0.56557,-0.549214,1.676518,0.336832,0.20492,-0.366835,0.789097,0.469765,-0.003042,-0.011948,0.003384,0.433783
Light,vs Zero-shot,50,-0.336478,-2.126855,1.503602,0.749625,-0.973942,-2.644257,0.647682,0.248876,-0.437881,-1.332332,0.460555,0.342829,0.449265,-0.380019,1.393615,0.34083,0.018816,-0.007889,0.044252,0.162919
Light,vs Few-shot CoT,50,-0.660313,-2.830168,1.57328,0.573713,-1.376918,-3.158465,0.532521,0.15992,-0.093891,-1.263655,1.139645,0.858571,1.121071,0.373938,1.92899,0.006997,-0.021291,-0.046895,0.004069,0.090955
Light,vs MultiAgentESC,50,0.844265,-1.577271,3.270814,0.492754,0.148083,-1.750826,2.094609,0.931534,0.291006,-0.785826,1.383978,0.635682,0.896944,0.036921,1.834432,0.04098,-0.00389,-0.033596,0.024208,0.758621
Light,vs Translate-Pivot,50,7.904393,5.698702,10.198682,0.001,4.850784,3.027296,6.792936,0.001,2.618361,1.433281,3.783398,0.001,5.294701,4.180455,6.428706,0.001,0.000794,-0.022486,0.025656,0.936532
Light,vs w/o Register Gate,50,0.219829,-0.215268,0.676271,0.292854,0.025843,-0.26415,0.315589,0.711644,0.03859,-0.161951,0.206048,0.641679,0.31345,0.037287,0.670313,0.025987,-0.011512,-0.022486,-0.002655,0.002999
Heavy,vs Zero-shot,50,3.20069,0.604236,5.897428,0.015992,1.735857,0.002031,3.542143,0.050975,1.305277,0.233483,2.449302,0.021989,3.751926,2.324962,5.138752,0.001,-0.194049,-0.241689,-0.145476,0.001
Heavy,vs Few-shot CoT,50,6.08178,3.578643,8.75205,0.001,3.735514,1.796619,5.64521,0.001,2.428248,1.346388,3.489731,0.001,7.452139,6.178059,8.702151,0.001,-0.282464,-0.314871,-0.246924,0.001
Heavy,vs MultiAgentESC,50,5.487212,3.01242,7.912467,0.001,3.581732,1.831257,5.271236,0.001,2.056489,1.066534,3.07566,0.001,6.213688,4.917904,7.51736,0.001,-0.237047,-0.281005,-0.188106,0.001
Heavy,vs Translate-Pivot,50,0.939742,-1.279779,3.434319,0.44078,0.620132,-1.090449,2.395807,0.471764,0.151314,-0.913027,1.3649,0.792604,0.189138,-0.484278,0.888672,0.586707,-0.087826,-0.115933,-0.060871,0.001
Heavy,vs w/o Register Gate,50,0.26916,-0.397995,0.885151,0.417791,0.135798,-0.391407,0.663728,0.672664,0.042931,-0.319712,0.380062,0.803598,0.126313,-0.280525,0.532928,0.573713,-0.016527,-0.033358,-0.000839,0.038981
